name,phone
lksdmf,90345095309
lksdmf,90345095309
lksdmf,90345095309
lksdmf,90345095309
lksdmf,90345095309
ldsnfl,48948948943
ldsnfl,48948948943
ldsnfl,48948948943
ldsnfl,48948948943
ldsnfl,48948948943
kjnadf,83128889983
kjnadf,83128889983
kjnadf,83128889983
kjnadf,83128889983
dsanf,91299992399
dsanf,91299992399
sdfkk,74378848398
poewo,01093838838
weojo,84748723889
weojo,84748723889
weojo,84748723889
weojo,84748723889
weojo,84748723889
weojo,84748723889
weojo,84748723889
weojo,84748723889
weojo,84748723889
weojo,84748723889
weojo,84748723889
weojo,84748723889
